{"cameraMode":{"drawMode":0,"name":"Shaded","section":"Shading Mode"},"sceneLighting":true,"audioPlay":false,"sceneViewState":{"showFog":true,"showMaterialUpdate":false,"showSkybox":true,"showFlares":true,"showImageEffects":true,"showParticleSystems":true},"in2DMode":false,"pivot":{"x":57.512359619140628,"y":5.2941060066223148,"z":204.8980712890625},"rotation":{"x":-0.014996240846812725,"y":-0.020394159480929376,"z":-0.00030586501816287637,"w":0.9996808767318726},"size":6.097143173217773,"orthographic":false}